ID;Y;X;ENDERECO
1;-23.469643;-46.538996;Rua Nadir. 34 - Gopouva
2;-23.471287;-46.521149;Rua Soldado Estanislau Wojcik. 26 - Macedo
3;-23.458079;-46.523408;Rua Apolonia Vieira de Jesus. 91 - Paraventi
4;-23.508260;-46.555576;Alameda Josefina L. Zamataro. 233 - Ponte Grande
5;-23.457898;-46.557586;Rua Ouvidor. 198 - Torres Tibagy
6;-23.451052;-46.503990;Rua Guilherme Lino dos Santos. 349 - Vila Barros
7;-23.428949;-46.556348;Rua Valdimiro Laurentino Pessoa. 655 - Parque Continental II
8;-23.440264;-46.532219;Rua Adelia Sadalla. 167 - Jardim Sao Paulo
9;-23.448482;-46.567786;Rua Ipiranga (altura do numero 615 da avenida Pedro de Souza Lopes) - Vila Galvao
10;-23.434390;-46.513580;Rua Cabralia. 100 - Jardim Bela Vista
11;-23.439169;-46.515563;Rua Sao Tomas de Aquino. 61 - Jardim Divinolandia
12;-23.408856;-46.494353;Rua Justiniano Salvador dos Santos. 269 - Parque Mikail
13;-23.378135;-46.450732;Rua Medeia Escardna Mariano. 311 - Jardim Fortaleza
14;-23.417017;-46.468503;Rua Campos Gerais. 163 - Haroldo Veloso
15;-23.406671;-46.462097;Estrada do Saboo. 795 - Santos Dumont
16;-23.420717;-46.419126;Avenida Francisco Xavier Correia. 489 - Residencial Parque Cumbica
17;-23.449492;-46.417440;Rua Jacutinga. 470 - Jurema
18;-23.436846;-46.409004;Rua Italia. 13 - Parque das Nacoes
19;-23.401723;-46.419089;Rua Zeferino Alves de Oliveira. 530 - Ponte Alta
